{
    "name": "root",
    "gauges": {
        "PushAgent2D.Policy.Entropy.mean": {
            "value": 1.791582465171814,
            "min": 1.791582465171814,
            "max": 1.7917561531066895,
            "count": 11
        },
        "PushAgent2D.Policy.Entropy.sum": {
            "value": 1777.249755859375,
            "min": 1777.249755859375,
            "max": 1834.7579345703125,
            "count": 11
        },
        "PushAgent2D.Step.mean": {
            "value": 10976.0,
            "min": 992.0,
            "max": 10976.0,
            "count": 11
        },
        "PushAgent2D.Step.sum": {
            "value": 10976.0,
            "min": 992.0,
            "max": 10976.0,
            "count": 11
        },
        "PushAgent2D.Policy.ExtrinsicValueEstimate.mean": {
            "value": 0.1570563018321991,
            "min": -0.09151297062635422,
            "max": 0.1570563018321991,
            "count": 11
        },
        "PushAgent2D.Policy.ExtrinsicValueEstimate.sum": {
            "value": 4.86874532699585,
            "min": -2.836902141571045,
            "max": 4.86874532699585,
            "count": 11
        },
        "PushAgent2D.IsTraining.mean": {
            "value": 1.0,
            "min": 1.0,
            "max": 1.0,
            "count": 11
        },
        "PushAgent2D.IsTraining.sum": {
            "value": 1.0,
            "min": 1.0,
            "max": 1.0,
            "count": 11
        },
        "AgentController2D.Policy.Entropy.mean": {
            "value": 1.4182394742965698,
            "min": 1.4182394742965698,
            "max": 1.4189382791519165,
            "count": 11
        },
        "AgentController2D.Policy.Entropy.sum": {
            "value": 1361.5098876953125,
            "min": 1361.5098876953125,
            "max": 1452.9927978515625,
            "count": 11
        },
        "AgentController2D.Step.mean": {
            "value": 10944.0,
            "min": 960.0,
            "max": 10944.0,
            "count": 11
        },
        "AgentController2D.Step.sum": {
            "value": 10944.0,
            "min": 960.0,
            "max": 10944.0,
            "count": 11
        },
        "AgentController2D.Policy.ExtrinsicValueEstimate.mean": {
            "value": -0.11628354340791702,
            "min": -0.11628354340791702,
            "max": -0.05103661119937897,
            "count": 11
        },
        "AgentController2D.Policy.ExtrinsicValueEstimate.sum": {
            "value": -1.744253158569336,
            "min": -1.744253158569336,
            "max": -0.7655491828918457,
            "count": 11
        },
        "AgentController2D.Policy.CuriosityValueEstimate.mean": {
            "value": -0.18436424434185028,
            "min": -0.5241380333900452,
            "max": -0.12079671025276184,
            "count": 11
        },
        "AgentController2D.Policy.CuriosityValueEstimate.sum": {
            "value": -2.7654635906219482,
            "min": -7.862070560455322,
            "max": -1.9327473640441895,
            "count": 11
        },
        "AgentController2D.IsTraining.mean": {
            "value": 1.0,
            "min": 1.0,
            "max": 1.0,
            "count": 11
        },
        "AgentController2D.IsTraining.sum": {
            "value": 1.0,
            "min": 1.0,
            "max": 1.0,
            "count": 11
        },
        "EnemyShooter.Policy.Entropy.mean": {
            "value": 1.4189382791519165,
            "min": 1.4189382791519165,
            "max": 1.4189382791519165,
            "count": 11
        },
        "EnemyShooter.Policy.Entropy.sum": {
            "value": 1362.1807861328125,
            "min": 1362.1807861328125,
            "max": 1452.9927978515625,
            "count": 11
        },
        "EnemyShooter.Step.mean": {
            "value": 10944.0,
            "min": 960.0,
            "max": 10944.0,
            "count": 11
        },
        "EnemyShooter.Step.sum": {
            "value": 10944.0,
            "min": 960.0,
            "max": 10944.0,
            "count": 11
        },
        "EnemyShooter.Policy.ExtrinsicValueEstimate.mean": {
            "value": -0.014162515290081501,
            "min": -0.027098868042230606,
            "max": 0.007287323474884033,
            "count": 11
        },
        "EnemyShooter.Policy.ExtrinsicValueEstimate.sum": {
            "value": -0.2124377340078354,
            "min": -0.4335818886756897,
            "max": 0.1093098521232605,
            "count": 11
        },
        "EnemyShooter.Policy.CuriosityValueEstimate.mean": {
            "value": -0.003005462698638439,
            "min": -0.06146184355020523,
            "max": -0.003005462698638439,
            "count": 11
        },
        "EnemyShooter.Policy.CuriosityValueEstimate.sum": {
            "value": -0.04508193954825401,
            "min": -0.9219276309013367,
            "max": -0.04508193954825401,
            "count": 11
        },
        "EnemyShooter.IsTraining.mean": {
            "value": 1.0,
            "min": 1.0,
            "max": 1.0,
            "count": 11
        },
        "EnemyShooter.IsTraining.sum": {
            "value": 1.0,
            "min": 1.0,
            "max": 1.0,
            "count": 11
        },
        "AgentController2D.Losses.PolicyLoss.mean": {
            "value": 0.07091631920193323,
            "min": 0.07091631920193323,
            "max": 0.07091631920193323,
            "count": 1
        },
        "AgentController2D.Losses.PolicyLoss.sum": {
            "value": 0.07091631920193323,
            "min": 0.07091631920193323,
            "max": 0.07091631920193323,
            "count": 1
        },
        "AgentController2D.Losses.ValueLoss.mean": {
            "value": 0.03078385043578843,
            "min": 0.03078385043578843,
            "max": 0.03078385043578843,
            "count": 1
        },
        "AgentController2D.Losses.ValueLoss.sum": {
            "value": 0.03078385043578843,
            "min": 0.03078385043578843,
            "max": 0.03078385043578843,
            "count": 1
        },
        "AgentController2D.Policy.LearningRate.mean": {
            "value": 0.0004948480010303999,
            "min": 0.0004948480010303999,
            "max": 0.0004948480010303999,
            "count": 1
        },
        "AgentController2D.Policy.LearningRate.sum": {
            "value": 0.0004948480010303999,
            "min": 0.0004948480010303999,
            "max": 0.0004948480010303999,
            "count": 1
        },
        "AgentController2D.Policy.Epsilon.mean": {
            "value": 0.1989696,
            "min": 0.1989696,
            "max": 0.1989696,
            "count": 1
        },
        "AgentController2D.Policy.Epsilon.sum": {
            "value": 0.1989696,
            "min": 0.1989696,
            "max": 0.1989696,
            "count": 1
        },
        "AgentController2D.Policy.Beta.mean": {
            "value": 0.0004949510400000002,
            "min": 0.0004949510400000002,
            "max": 0.0004949510400000002,
            "count": 1
        },
        "AgentController2D.Policy.Beta.sum": {
            "value": 0.0004949510400000002,
            "min": 0.0004949510400000002,
            "max": 0.0004949510400000002,
            "count": 1
        },
        "AgentController2D.Losses.CuriosityForwardLoss.mean": {
            "value": 16.237909524391096,
            "min": 16.237909524391096,
            "max": 16.237909524391096,
            "count": 1
        },
        "AgentController2D.Losses.CuriosityForwardLoss.sum": {
            "value": 16.237909524391096,
            "min": 16.237909524391096,
            "max": 16.237909524391096,
            "count": 1
        },
        "AgentController2D.Losses.CuriosityInverseLoss.mean": {
            "value": 1.1457559359570344,
            "min": 1.1457559359570344,
            "max": 1.1457559359570344,
            "count": 1
        },