{
    "name": "root",
    "gauges": {
        "PushAgent2D.Policy.Entropy.mean": {
            "value": 1.398508906364441,
            "min": 1.398508906364441,
            "max": 1.4546431303024292,
            "count": 678
        },
        "PushAgent2D.Policy.Entropy.sum": {
            "value": 1342.568603515625,
            "min": 1342.568603515625,
            "max": 1499.8232421875,
            "count": 678
        },
        "PushAgent2D.Step.mean": {
            "value": 677952.0,
            "min": 960.0,
            "max": 677952.0,
            "count": 678
        },
        "PushAgent2D.Step.sum": {
            "value": 677952.0,
            "min": 960.0,
            "max": 677952.0,
            "count": 678
        },
        "PushAgent2D.Policy.ExtrinsicValueEstimate.mean": {
            "value": -0.334206223487854,
            "min": -16.729503631591797,
            "max": 6.585610389709473,
            "count": 678
        },
        "PushAgent2D.Policy.ExtrinsicValueEstimate.sum": {
            "value": -5.0130934715271,
            "min": -267.55841064453125,
            "max": 105.36976623535156,
            "count": 678
        },
        "PushAgent2D.IsTraining.mean": {
            "value": 1.0,
            "min": 1.0,
            "max": 1.0,
            "count": 678
        },
        "PushAgent2D.IsTraining.sum": {
            "value": 1.0,
            "min": 1.0,
            "max": 1.0,
            "count": 678
        },
        "PushAgent2D.Losses.PolicyLoss.mean": {
            "value": 0.049559286506458494,
            "min": 0.04179266908710512,
            "max": 0.054147425825552396,
            "count": 33
        },
        "PushAgent2D.Losses.PolicyLoss.sum": {
            "value": 0.049559286506458494,
            "min": 0.04179266908710512,
            "max": 0.054147425825552396,
            "count": 33
        },
        "PushAgent2D.Losses.ValueLoss.mean": {
            "value": 0.29744688312057405,
            "min": 0.010702452257586021,
            "max": 3.6265769422054293,
            "count": 33
        },
        "PushAgent2D.Losses.ValueLoss.sum": {
            "value": 0.29744688312057405,
            "min": 0.010702452257586021,
            "max": 3.6265769422054293,
            "count": 33
        },
        "PushAgent2D.Policy.LearningRate.mean": {
            "value": 9.667206777599998e-05,
            "min": 9.667206777599998e-05,
            "max": 0.00029383680205439996,
            "count": 33
        },
        "PushAgent2D.Policy.LearningRate.sum": {
            "value": 9.667206777599998e-05,
            "min": 9.667206777599998e-05,
            "max": 0.00029383680205439996,
            "count": 33
        },
        "PushAgent2D.Policy.Epsilon.mean": {
            "value": 0.13222399999999995,
            "min": 0.13222399999999995,
            "max": 0.19794560000000003,
            "count": 33
        },
        "PushAgent2D.Policy.Epsilon.sum": {
            "value": 0.13222399999999995,
            "min": 0.13222399999999995,
            "max": 0.19794560000000003,
            "count": 33
        },
        "PushAgent2D.Policy.Beta.mean": {
            "value": 0.00016789759999999998,
            "min": 0.00016789759999999998,
            "max": 0.0004899334399999999,
            "count": 33
        },
        "PushAgent2D.Policy.Beta.sum": {
            "value": 0.00016789759999999998,
            "min": 0.00016789759999999998,
            "max": 0.0004899334399999999,
            "count": 33
        },
        "PushAgent2D.Environment.EpisodeLength.mean": {
            "value": 73124.0,
            "min": 611.0,
            "max": 160860.0,
            "count": 7
        },
        "PushAgent2D.Environment.EpisodeLength.sum": {
            "value": 146248.0,
            "min": 1222.0,
            "max": 280159.0,
            "count": 7
        },
        "PushAgent2D.Environment.CumulativeReward.mean": {
            "value": -8023.649333871901,
            "min": -18148.595143374056,
            "max": -31.462434202432632,
            "count": 7
        },
        "PushAgent2D.Environment.CumulativeReward.sum": {
            "value": -16047.298667743802,
            "min": -32790.46386790648,
            "max": -62.924868404865265,
            "count": 7
        },
        "PushAgent2D.Policy.ExtrinsicReward.mean": {
            "value": -8023.649333871901,
            "min": -18148.595143374056,
            "max": -31.462434202432632,
            "count": 7
        },
        "PushAgent2D.Policy.ExtrinsicReward.sum": {
            "value": -16047.298667743802,
            "min": -32790.46386790648,
            "max": -62.924868404865265,
            "count": 7
        }
    },
    "metadata": {
        "timer_format_version": "0.1.0",
        "start_time_seconds": "1745421857",
        "python_version": "3.9.13 (tags/v3.9.13:6de2ca5, May 17 2022, 16:36:42) [MSC v.1929 64 bit (AMD64)]",
        "command_line_arguments": "\\\\?\\C:\\Users\\MSII\\AppData\\Local\\Programs\\Python\\Python39\\Scripts\\mlagents-learn agents_config.yaml --run-id=push1 --train",
        "mlagents_version": "0.30.0",
        "mlagents_envs_version": "0.30.0",
        "communication_protocol_version": "1.5.0",
        "pytorch_version": "2.6.0+cu118",
        "numpy_version": "1.21.2",
        "end_time_seconds": "1745428083"
    },
    "total": 6225.9577627,
    "count": 1,
    "self": 0.007205599998997059,
    "children": {
        "run_training.setup": {
            "total": 0.0743425000000002,
            "count": 1,
            "self": 0.0743425000000002
        },
        "TrainerController.start_learning": {
            "total": 6225.876214600001,
            "count": 1,
            "self": 11.795747399804895,
            "children": {
                "TrainerController._reset_env": {
                    "total": 23.9908134,
                    "count": 1,
                    "self": 23.9908134
                },
                "TrainerController.advance": {
                    "total": 6190.023650400196,
                    "count": 679014,
                    "self": 10.761267400247561,
                    "children": {
                        "env_step": {
                            "total": 5930.717179899897,
                            "count": 679014,
                            "self": 3541.6599953999544,
                            "children": {
                                "SubprocessEnvManager._take_step": {
                                    "total": 2381.531167200321,
                                    "count": 679014,
                                    "self": 40.539065800211574,
                                    "children": {
                                        "TorchPolicy.evaluate": {
                                            "total": 2340.9921014001093,
                                            "count": 679007,
                                            "self": 2340.9921014001093
                                        }
                                    }
                                },
                                "workers": {
                                    "total": 7.526017299621859,
                                    "count": 679013,
                                    "self": 0.0,
                                    "children": {
                                        "worker_root": {
                                            "total": 6112.762609700115,
                                            "count": 679013,
                                            "is_parallel": true,
                                            "self": 3195.203866700132,
                                            "children": {
                                                "steps_from_proto": {
                                                    "total": 0.00030650000000065347,
                                                    "count": 1,