{
    "name": "root",
    "gauges": {
        "EnemyShooter.Policy.Entropy.mean": {
            "value": 1.5034406185150146,
            "min": 1.503440499305725,
            "max": 1.5034406185150146,
            "count": 12
        },
        "EnemyShooter.Policy.Entropy.sum": {
            "value": 1539.523193359375,
            "min": 769.7615966796875,
            "max": 1539.523193359375,
            "count": 12
        },
        "EnemyShooter.Step.mean": {
            "value": 2401984.0,
            "min": 2390976.0,
            "max": 2401984.0,
            "count": 12
        },
        "EnemyShooter.Step.sum": {
            "value": 2401984.0,
            "min": 2390976.0,
            "max": 2401984.0,
            "count": 12
        },
        "EnemyShooter.Policy.ExtrinsicValueEstimate.mean": {
            "value": 0.27656662464141846,
            "min": -0.08669734001159668,
            "max": 0.5599187612533569,
            "count": 12
        },
        "EnemyShooter.Policy.ExtrinsicValueEstimate.sum": {
            "value": 4.425065994262695,
            "min": -0.6068813800811768,
            "max": 8.958700180053711,
            "count": 12
        },
        "EnemyShooter.Policy.CuriosityValueEstimate.mean": {
            "value": 1.2316501140594482,
            "min": 0.3572063446044922,
            "max": 1.9836969375610352,
            "count": 12
        },
        "EnemyShooter.Policy.CuriosityValueEstimate.sum": {
            "value": 19.706401824951172,
            "min": 2.5004444122314453,
            "max": 31.739151000976562,
            "count": 12
        },
        "EnemyShooter.IsTraining.mean": {
            "value": 0.0,
            "min": 0.0,
            "max": 0.0,
            "count": 12
        },
        "EnemyShooter.IsTraining.sum": {
            "value": 0.0,
            "min": 0.0,
            "max": 0.0,
            "count": 12
        },
        "AgentController2D.Policy.Entropy.mean": {
            "value": 0.018957311287522316,
            "min": 0.010844145901501179,
            "max": 0.12248925864696503,
            "count": 9
        },
        "AgentController2D.Policy.Entropy.sum": {
            "value": 20.189537048339844,
            "min": 6.246228218078613,
            "max": 127.14385223388672,
            "count": 9
        },
        "AgentController2D.Step.mean": {
            "value": 620965.0,
            "min": 612994.0,
            "max": 620965.0,
            "count": 9
        },
        "AgentController2D.Step.sum": {
            "value": 620965.0,
            "min": 612994.0,
            "max": 620965.0,
            "count": 9
        },
        "AgentController2D.Policy.ExtrinsicValueEstimate.mean": {
            "value": 738.5802612304688,
            "min": 90.65091705322266,
            "max": 1151.92333984375,
            "count": 9
        },
        "AgentController2D.Policy.ExtrinsicValueEstimate.sum": {
            "value": 11817.2841796875,
            "min": 634.556396484375,
            "max": 18430.7734375,
            "count": 9
        },
        "AgentController2D.Policy.CuriosityValueEstimate.mean": {
            "value": 0.061326608061790466,
            "min": -0.689105212688446,
            "max": 0.6982108354568481,
            "count": 9
        },
        "AgentController2D.Policy.CuriosityValueEstimate.sum": {
            "value": 0.9812257289886475,
            "min": -11.714788436889648,
            "max": 4.887475967407227,
            "count": 9
        },
        "AgentController2D.IsTraining.mean": {
            "value": 1.0,
            "min": 1.0,
            "max": 1.0,
            "count": 9
        },
        "AgentController2D.IsTraining.sum": {
            "value": 1.0,
            "min": 1.0,
            "max": 1.0,
            "count": 9
        },
        "PushAgent2D.Policy.Entropy.mean": {
            "value": 0.4038182497024536,
            "min": 0.4038182497024536,
            "max": 0.4768931567668915,
            "count": 6
        },
        "PushAgent2D.Policy.Entropy.sum": {
            "value": 387.66552734375,
            "min": 366.2539367675781,
            "max": 454.399169921875,
            "count": 6
        },
        "PushAgent2D.Step.mean": {
            "value": 610976.0,
            "min": 605984.0,
            "max": 610976.0,
            "count": 6
        },
        "PushAgent2D.Step.sum": {
            "value": 610976.0,
            "min": 605984.0,
            "max": 610976.0,
            "count": 6
        },
        "PushAgent2D.Policy.ExtrinsicValueEstimate.mean": {
            "value": -8.540172576904297,
            "min": -9.782391548156738,
            "max": -1.3617439270019531,
            "count": 6
        },
        "PushAgent2D.Policy.ExtrinsicValueEstimate.sum": {
            "value": -264.745361328125,
            "min": -303.254150390625,
            "max": -31.320110321044922,
            "count": 6
        },
        "PushAgent2D.IsTraining.mean": {
            "value": 1.0,
            "min": 1.0,
            "max": 1.0,
            "count": 6
        },
        "PushAgent2D.IsTraining.sum": {
            "value": 1.0,
            "min": 1.0,
            "max": 1.0,
            "count": 6
        },
        "AgentController2D.Environment.EpisodeLength.mean": {
            "value": 471.5,
            "min": 114.33333333333333,
            "max": 471.5,
            "count": 5
        },
        "AgentController2D.Environment.EpisodeLength.sum": {
            "value": 943.0,
            "min": 338.0,
            "max": 943.0,
            "count": 5
        },
        "AgentController2D.Environment.CumulativeReward.mean": {
            "value": 37.49903830885887,
            "min": -3.779270589351654,
            "max": 41.37578344345093,
            "count": 5
        },
        "AgentController2D.Environment.CumulativeReward.sum": {
            "value": 74.99807661771774,
            "min": -11.337811768054962,
            "max": 74.99807661771774,
            "count": 5
        },
        "AgentController2D.Policy.ExtrinsicReward.mean": {
            "value": 37.49903830885887,
            "min": -3.779270589351654,
            "max": 41.37578344345093,
            "count": 5
        },
        "AgentController2D.Policy.ExtrinsicReward.sum": {
            "value": 74.99807661771774,
            "min": -11.337811768054962,
            "max": 74.99807661771774,
            "count": 5
        },
        "AgentController2D.Policy.CuriosityReward.mean": {
            "value": 0.0,
            "min": 0.0,
            "max": 0.0,
            "count": 5
        },
        "AgentController2D.Policy.CuriosityReward.sum": {
            "value": 0.0,
            "min": 0.0,
            "max": 0.0,
            "count": 5
        }
    },
    "metadata": {
        "timer_format_version": "0.1.0",
        "start_time_seconds": "1750156723",
        "python_version": "3.9.13 (tags/v3.9.13:6de2ca5, May 17 2022, 16:36:42) [MSC v.1929 64 bit (AMD64)]",
        "command_line_arguments": "\\\\?\\C:\\Users\\MSII\\AppData\\Local\\Programs\\Python\\Python39\\Scripts\\mlagents-learn agents_config.yaml --run-id=Dagger2 --train --resume",
        "mlagents_version": "0.30.0",
        "mlagents_envs_version": "0.30.0",
        "communication_protocol_version": "1.5.0",
        "pytorch_version": "2.6.0+cu118",
        "numpy_version": "1.21.2",
        "end_time_seconds": "1750156939"
    },
    "total": 216.4596617,
    "count": 1,
    "self": 0.009502100000020164,
    "children": {
        "run_training.setup": {
            "total": 0.08058059999999978,
            "count": 1,
            "self": 0.08058059999999978
        },
        "TrainerController.start_learning": {
            "total": 216.369579,
            "count": 1,
            "self": 0.08294390000045837,
            "children": {
                "TrainerController._reset_env": {
                    "total": 11.052081,
                    "count": 1,