{
    "name": "root",
    "gauges": {
        "PushAgent2D.Policy.Entropy.mean": {
            "value": 0.8329376578330994,
            "min": 0.3930943012237549,
            "max": 0.8533807396888733,
            "count": 43
        },
        "PushAgent2D.Policy.Entropy.sum": {
            "value": 826.274169921875,
            "min": 25.158035278320312,
            "max": 859.9616088867188,
            "count": 43
        },
        "PushAgent2D.Step.mean": {
            "value": 589984.0,
            "min": 547968.0,
            "max": 589984.0,
            "count": 43
        },
        "PushAgent2D.Step.sum": {
            "value": 589984.0,
            "min": 547968.0,
            "max": 589984.0,
            "count": 43
        },
        "PushAgent2D.Policy.ExtrinsicValueEstimate.mean": {
            "value": -22.92613410949707,
            "min": -33.558773040771484,
            "max": -22.266578674316406,
            "count": 43
        },
        "PushAgent2D.Policy.ExtrinsicValueEstimate.sum": {
            "value": -710.7101440429688,
            "min": -1072.2529296875,
            "max": -26.395084381103516,
            "count": 43
        },
        "PushAgent2D.IsTraining.mean": {
            "value": 1.0,
            "min": 1.0,
            "max": 1.0,
            "count": 43
        },
        "PushAgent2D.IsTraining.sum": {
            "value": 1.0,
            "min": 1.0,
            "max": 1.0,
            "count": 43
        },
        "EnemyShooter.Policy.Entropy.mean": {
            "value": 1.5034406185150146,
            "min": 1.503440499305725,
            "max": 1.5034406185150146,
            "count": 169
        },
        "EnemyShooter.Policy.Entropy.sum": {
            "value": 1539.523193359375,
            "min": 1154.642333984375,
            "max": 1539.523193359375,
            "count": 169
        },
        "EnemyShooter.Step.mean": {
            "value": 2359936.0,
            "min": 2191936.0,
            "max": 2359936.0,
            "count": 169
        },
        "EnemyShooter.Step.sum": {
            "value": 2359936.0,
            "min": 2191936.0,
            "max": 2359936.0,
            "count": 169
        },
        "EnemyShooter.Policy.ExtrinsicValueEstimate.mean": {
            "value": 0.016725540161132812,
            "min": 0.005125359632074833,
            "max": 0.025306278839707375,
            "count": 169
        },
        "EnemyShooter.Policy.ExtrinsicValueEstimate.sum": {
            "value": 0.2508831024169922,
            "min": 0.08200575411319733,
            "max": 0.3864681124687195,
            "count": 169
        },
        "EnemyShooter.Policy.CuriosityValueEstimate.mean": {
            "value": 0.5338286757469177,
            "min": 0.4519083797931671,
            "max": 0.7107728719711304,
            "count": 169
        },
        "EnemyShooter.Policy.CuriosityValueEstimate.sum": {
            "value": 8.007430076599121,
            "min": 4.4488844871521,
            "max": 10.661593437194824,
            "count": 169
        },
        "EnemyShooter.IsTraining.mean": {
            "value": 0.0,
            "min": 0.0,
            "max": 0.0,
            "count": 169
        },
        "EnemyShooter.IsTraining.sum": {
            "value": 0.0,
            "min": 0.0,
            "max": 0.0,
            "count": 169
        },
        "AgentController2D.Policy.Entropy.mean": {
            "value": 0.03385811671614647,
            "min": -1.1920928244535389e-07,
            "max": 0.2907250225543976,
            "count": 43
        },
        "AgentController2D.Policy.Entropy.sum": {
            "value": 32.50379180908203,
            "min": -0.00012207030522404239,
            "max": 178.4795379638672,
            "count": 43
        },
        "AgentController2D.Step.mean": {
            "value": 589952.0,
            "min": 547968.0,
            "max": 589952.0,
            "count": 43
        },
        "AgentController2D.Step.sum": {
            "value": 589952.0,
            "min": 547968.0,
            "max": 589952.0,
            "count": 43
        },
        "AgentController2D.Policy.ExtrinsicValueEstimate.mean": {
            "value": 133.11196899414062,
            "min": -0.8007889986038208,
            "max": 5817.048828125,
            "count": 43
        },
        "AgentController2D.Policy.ExtrinsicValueEstimate.sum": {
            "value": 1996.679443359375,
            "min": -12.812623977661133,
            "max": 33029.66015625,
            "count": 43
        },
        "AgentController2D.Policy.CuriosityValueEstimate.mean": {
            "value": 0.36774328351020813,
            "min": -1.2731389999389648,
            "max": 1.214052677154541,
            "count": 43
        },
        "AgentController2D.Policy.CuriosityValueEstimate.sum": {
            "value": 5.516149044036865,
            "min": -2.5462779998779297,
            "max": 19.424842834472656,
            "count": 43
        },
        "AgentController2D.IsTraining.mean": {
            "value": 1.0,
            "min": 1.0,
            "max": 1.0,
            "count": 43
        },
        "AgentController2D.IsTraining.sum": {
            "value": 1.0,
            "min": 1.0,
            "max": 1.0,
            "count": 43
        },
        "AgentController2D.Losses.PolicyLoss.mean": {
            "value": 0.06667759082823371,
            "min": 0.0634260108830252,
            "max": 0.07086601100939637,
            "count": 4
        },
        "AgentController2D.Losses.PolicyLoss.sum": {
            "value": 0.06667759082823371,
            "min": 0.0634260108830252,
            "max": 0.07086601100939637,
            "count": 4
        },
        "AgentController2D.Losses.ValueLoss.mean": {
            "value": 14927.60783589681,
            "min": 14927.60783589681,
            "max": 295631.2086588542,
            "count": 4
        },
        "AgentController2D.Losses.ValueLoss.sum": {
            "value": 14927.60783589681,
            "min": 14927.60783589681,
            "max": 295631.2086588542,
            "count": 4
        },
        "AgentController2D.Policy.LearningRate.mean": {
            "value": 0.0002054720589056,
            "min": 0.0002054720589056,
            "max": 0.00022092805581440001,
            "count": 4
        },
        "AgentController2D.Policy.LearningRate.sum": {
            "value": 0.0002054720589056,
            "min": 0.0002054720589056,
            "max": 0.00022092805581440001,
            "count": 4
        },
        "AgentController2D.Policy.Epsilon.mean": {
            "value": 0.14109440000000004,
            "min": 0.14109440000000004,
            "max": 0.14418560000000008,
            "count": 4
        },
        "AgentController2D.Policy.Epsilon.sum": {
            "value": 0.14109440000000004,
            "min": 0.14109440000000004,
            "max": 0.14418560000000008,
            "count": 4
        },
        "AgentController2D.Policy.Beta.mean": {
            "value": 0.00021136256,
            "min": 0.00021136256,
            "max": 0.00022650944000000007,
            "count": 4
        },
        "AgentController2D.Policy.Beta.sum": {
            "value": 0.00021136256,
            "min": 0.00021136256,
            "max": 0.00022650944000000007,
            "count": 4
        },
        "AgentController2D.Losses.CuriosityForwardLoss.mean": {
            "value": 0.013092592467000942,
            "min": 0.0024834166682315604,
            "max": 0.013092592467000942,
            "count": 4
        },
        "AgentController2D.Losses.CuriosityForwardLoss.sum": {
            "value": 0.013092592467000942,
            "min": 0.0024834166682315604,
            "max": 0.013092592467000942,
            "count": 4
        },
        "AgentController2D.Losses.CuriosityInverseLoss.mean": {
            "value": 0.014103694162368658,
            "min": 0.003083924099739003,
            "max": 0.014103694162368658,