{
    "name": "root",
    "gauges": {
        "EnemyShooter.Policy.Entropy.mean": {
            "value": 1.4189382791519165,
            "min": 1.4189382791519165,
            "max": 1.4189385175704956,
            "count": 25
        },
        "EnemyShooter.Policy.Entropy.sum": {
            "value": 1452.9927978515625,
            "min": 1089.7447509765625,
            "max": 1452.9927978515625,
            "count": 25
        },
        "EnemyShooter.Step.mean": {
            "value": 24960.0,
            "min": 960.0,
            "max": 24960.0,
            "count": 25
        },
        "EnemyShooter.Step.sum": {
            "value": 24960.0,
            "min": 960.0,
            "max": 24960.0,
            "count": 25
        },
        "EnemyShooter.Policy.ExtrinsicValueEstimate.mean": {
            "value": -0.16798588633537292,
            "min": -0.2721075415611267,
            "max": 0.03425849229097366,
            "count": 25
        },
        "EnemyShooter.Policy.ExtrinsicValueEstimate.sum": {
            "value": -2.687774181365967,
            "min": -4.081613063812256,
            "max": 0.5138773918151855,
            "count": 25
        },
        "EnemyShooter.Policy.CuriosityValueEstimate.mean": {
            "value": 0.07736214995384216,
            "min": -0.00916473101824522,
            "max": 0.5594522953033447,
            "count": 25
        },
        "EnemyShooter.Policy.CuriosityValueEstimate.sum": {
            "value": 1.2377943992614746,
            "min": -0.13747096061706543,
            "max": 8.39178466796875,
            "count": 25
        },
        "EnemyShooter.IsTraining.mean": {
            "value": 1.0,
            "min": 1.0,
            "max": 1.0,
            "count": 25
        },
        "EnemyShooter.IsTraining.sum": {
            "value": 1.0,
            "min": 1.0,
            "max": 1.0,
            "count": 25
        },
        "AgentController2D.Policy.Entropy.mean": {
            "value": -1.1920928244535389e-07,
            "min": -1.1920928244535389e-07,
            "max": -1.1920927533992653e-07,
            "count": 19
        },
        "AgentController2D.Policy.Entropy.sum": {
            "value": -0.00011444091069279239,
            "min": -0.00013732908701058477,
            "max": -0.00011444091069279239,
            "count": 19
        },
        "AgentController2D.Step.mean": {
            "value": 18944.0,
            "min": 960.0,
            "max": 18944.0,
            "count": 19
        },
        "AgentController2D.Step.sum": {
            "value": 18944.0,
            "min": 960.0,
            "max": 18944.0,
            "count": 19
        },
        "AgentController2D.Policy.ExtrinsicValueEstimate.mean": {
            "value": 1.3071507215499878,
            "min": 0.11740443855524063,
            "max": 1.327885627746582,
            "count": 19
        },
        "AgentController2D.Policy.ExtrinsicValueEstimate.sum": {
            "value": 19.607261657714844,
            "min": 1.87847101688385,
            "max": 21.246170043945312,
            "count": 19
        },
        "AgentController2D.Policy.CuriosityValueEstimate.mean": {
            "value": 0.21938647329807281,
            "min": 0.14635396003723145,
            "max": 0.32927069067955017,
            "count": 19
        },
        "AgentController2D.Policy.CuriosityValueEstimate.sum": {
            "value": 3.290796995162964,
            "min": 2.341663360595703,
            "max": 5.268331050872803,
            "count": 19
        },
        "AgentController2D.IsTraining.mean": {
            "value": 1.0,
            "min": 1.0,
            "max": 1.0,
            "count": 19
        },
        "AgentController2D.IsTraining.sum": {
            "value": 1.0,
            "min": 1.0,
            "max": 1.0,
            "count": 19
        },
        "PushAgent2D.Policy.Entropy.mean": {
            "value": 1.7917081117630005,
            "min": 1.7916088104248047,
            "max": 1.7917083501815796,
            "count": 12
        },
        "PushAgent2D.Policy.Entropy.sum": {
            "value": 1834.7091064453125,
            "min": 1720.02392578125,
            "max": 1834.7091064453125,
            "count": 12
        },
        "PushAgent2D.Step.mean": {
            "value": 11968.0,
            "min": 992.0,
            "max": 11968.0,
            "count": 12
        },
        "PushAgent2D.Step.sum": {
            "value": 11968.0,
            "min": 992.0,
            "max": 11968.0,
            "count": 12
        },
        "PushAgent2D.Policy.ExtrinsicValueEstimate.mean": {
            "value": -0.008035472594201565,
            "min": -0.02490568906068802,
            "max": 0.0580190010368824,
            "count": 12
        },
        "PushAgent2D.Policy.ExtrinsicValueEstimate.sum": {
            "value": -0.24909965693950653,
            "min": -0.7969820499420166,
            "max": 1.7985889911651611,
            "count": 12
        },
        "PushAgent2D.IsTraining.mean": {
            "value": 1.0,
            "min": 1.0,
            "max": 1.0,
            "count": 12
        },
        "PushAgent2D.IsTraining.sum": {
            "value": 1.0,
            "min": 1.0,
            "max": 1.0,
            "count": 12
        },
        "AgentController2D.Losses.PolicyLoss.mean": {
            "value": 0.06727678449096258,
            "min": 0.06727678449096258,
            "max": 0.06727678449096258,
            "count": 1
        },
        "AgentController2D.Losses.PolicyLoss.sum": {
            "value": 0.06727678449096258,
            "min": 0.06727678449096258,
            "max": 0.06727678449096258,
            "count": 1
        },
        "AgentController2D.Losses.ValueLoss.mean": {
            "value": 0.10455731452737817,
            "min": 0.10455731452737817,
            "max": 0.10455731452737817,
            "count": 1
        },
        "AgentController2D.Losses.ValueLoss.sum": {
            "value": 0.10455731452737817,
            "min": 0.10455731452737817,
            "max": 0.10455731452737817,
            "count": 1
        },
        "AgentController2D.Policy.LearningRate.mean": {
            "value": 0.0004948160010368001,
            "min": 0.0004948160010368001,
            "max": 0.0004948160010368001,
            "count": 1
        },
        "AgentController2D.Policy.LearningRate.sum": {
            "value": 0.0004948160010368001,
            "min": 0.0004948160010368001,
            "max": 0.0004948160010368001,
            "count": 1
        },
        "AgentController2D.Policy.Epsilon.mean": {
            "value": 0.19896320000000006,
            "min": 0.19896320000000006,
            "max": 0.19896320000000006,
            "count": 1
        },
        "AgentController2D.Policy.Epsilon.sum": {
            "value": 0.19896320000000006,
            "min": 0.19896320000000006,
            "max": 0.19896320000000006,
            "count": 1
        },
        "AgentController2D.Policy.Beta.mean": {
            "value": 0.0004949196799999998,
            "min": 0.0004949196799999998,
            "max": 0.0004949196799999998,
            "count": 1
        },
        "AgentController2D.Policy.Beta.sum": {
            "value": 0.0004949196799999998,
            "min": 0.0004949196799999998,
            "max": 0.0004949196799999998,
            "count": 1
        },
        "AgentController2D.Losses.CuriosityForwardLoss.mean": {
            "value": 5054.380789749907,
            "min": 5054.380789749907,
            "max": 5054.380789749907,
            "count": 1
        },
        "AgentController2D.Losses.CuriosityForwardLoss.sum": {
            "value": 5054.380789749907,
            "min": 5054.380789749907,
            "max": 5054.380789749907,
            "count": 1
        },
        "AgentController2D.Losses.CuriosityInverseLoss.mean": {
            "value": 0.07796523191758323,
            "min": 0.07796523191758323,