{
    "name": "root",
    "gauges": {
        "EnemyShooter.Policy.Entropy.mean": {
            "value": 1.4189382791519165,
            "min": 1.4189382791519165,
            "max": 1.4189385175704956,
            "count": 15
        },
        "EnemyShooter.Policy.Entropy.sum": {
            "value": 1452.9927978515625,
            "min": 1089.7447509765625,
            "max": 1452.9927978515625,
            "count": 15
        },
        "EnemyShooter.Step.mean": {
            "value": 14976.0,
            "min": 960.0,
            "max": 14976.0,
            "count": 15
        },
        "EnemyShooter.Step.sum": {
            "value": 14976.0,
            "min": 960.0,
            "max": 14976.0,
            "count": 15
        },
        "EnemyShooter.Policy.ExtrinsicValueEstimate.mean": {
            "value": 0.07697342336177826,
            "min": 0.009269492700695992,
            "max": 0.1954040825366974,
            "count": 15
        },
        "EnemyShooter.Policy.ExtrinsicValueEstimate.sum": {
            "value": 1.2315747737884521,
            "min": 0.13904239237308502,
            "max": 3.126465320587158,
            "count": 15
        },
        "EnemyShooter.Policy.CuriosityValueEstimate.mean": {
            "value": 0.43340563774108887,
            "min": 0.3013013005256653,
            "max": 0.4801625609397888,
            "count": 15
        },
        "EnemyShooter.Policy.CuriosityValueEstimate.sum": {
            "value": 6.934490203857422,
            "min": 4.8208208084106445,
            "max": 7.682600975036621,
            "count": 15
        },
        "EnemyShooter.IsTraining.mean": {
            "value": 1.0,
            "min": 1.0,
            "max": 1.0,
            "count": 15
        },
        "EnemyShooter.IsTraining.sum": {
            "value": 1.0,
            "min": 1.0,
            "max": 1.0,
            "count": 15
        },
        "AgentController2D.Policy.Entropy.mean": {
            "value": 0.35971325635910034,
            "min": 0.3141687214374542,
            "max": 0.3660299777984619,
            "count": 11
        },
        "AgentController2D.Policy.Entropy.sum": {
            "value": 390.6485900878906,
            "min": 350.1734924316406,
            "max": 411.7818603515625,
            "count": 11
        },
        "AgentController2D.Step.mean": {
            "value": 10995.0,
            "min": 969.0,
            "max": 10995.0,
            "count": 11
        },
        "AgentController2D.Step.sum": {
            "value": 10995.0,
            "min": 969.0,
            "max": 10995.0,
            "count": 11
        },
        "AgentController2D.Policy.ExtrinsicValueEstimate.mean": {
            "value": -0.10184400528669357,
            "min": -0.31340736150741577,
            "max": -0.10184400528669357,
            "count": 11
        },
        "AgentController2D.Policy.ExtrinsicValueEstimate.sum": {
            "value": -1.7313480377197266,
            "min": -5.014517784118652,
            "max": -1.7313480377197266,
            "count": 11
        },
        "AgentController2D.Policy.CuriosityValueEstimate.mean": {
            "value": 0.2326970398426056,
            "min": 0.0618463009595871,
            "max": 0.3291124999523163,
            "count": 11
        },
        "AgentController2D.Policy.CuriosityValueEstimate.sum": {
            "value": 3.9558496475219727,
            "min": 0.9895408153533936,
            "max": 5.594912528991699,
            "count": 11
        },
        "AgentController2D.Environment.EpisodeLength.mean": {
            "value": 476.0,
            "min": 264.0,
            "max": 1868.0,
            "count": 4
        },
        "AgentController2D.Environment.EpisodeLength.sum": {
            "value": 476.0,
            "min": 264.0,
            "max": 1868.0,
            "count": 4
        },
        "AgentController2D.Environment.CumulativeReward.mean": {
            "value": -39.86229705810547,
            "min": -255.74132680892944,
            "max": -19.311591148376465,
            "count": 4
        },
        "AgentController2D.Environment.CumulativeReward.sum": {
            "value": -39.86229705810547,
            "min": -255.74132680892944,
            "max": -19.311591148376465,
            "count": 4
        },
        "AgentController2D.Policy.ExtrinsicReward.mean": {
            "value": -39.86229705810547,
            "min": -255.74132680892944,
            "max": -19.311591148376465,
            "count": 4
        },
        "AgentController2D.Policy.ExtrinsicReward.sum": {
            "value": -39.86229705810547,
            "min": -255.74132680892944,
            "max": -19.311591148376465,
            "count": 4
        },
        "AgentController2D.Policy.CuriosityReward.mean": {
            "value": 3.0459371507167816,
            "min": 0.0,
            "max": 3.0459371507167816,
            "count": 4
        },
        "AgentController2D.Policy.CuriosityReward.sum": {
            "value": 3.0459371507167816,
            "min": 0.0,
            "max": 3.0459371507167816,
            "count": 4
        },
        "AgentController2D.IsTraining.mean": {
            "value": 1.0,
            "min": 1.0,
            "max": 1.0,
            "count": 11
        },
        "AgentController2D.IsTraining.sum": {
            "value": 1.0,
            "min": 1.0,
            "max": 1.0,
            "count": 11
        },
        "PushAgent2D.Policy.Entropy.mean": {
            "value": 1.7917485237121582,
            "min": 1.7916958332061768,
            "max": 1.791751503944397,
            "count": 7
        },
        "PushAgent2D.Policy.Entropy.sum": {
            "value": 1834.75048828125,
            "min": 1720.078125,
            "max": 1834.7535400390625,
            "count": 7
        },
        "PushAgent2D.Step.mean": {
            "value": 6976.0,
            "min": 992.0,
            "max": 6976.0,
            "count": 7
        },
        "PushAgent2D.Step.sum": {
            "value": 6976.0,
            "min": 992.0,
            "max": 6976.0,
            "count": 7
        },
        "PushAgent2D.Policy.ExtrinsicValueEstimate.mean": {
            "value": -0.05082426592707634,
            "min": -0.06186286732554436,
            "max": -0.006121268030256033,
            "count": 7
        },
        "PushAgent2D.Policy.ExtrinsicValueEstimate.sum": {
            "value": -1.575552225112915,
            "min": -1.9177489280700684,
            "max": -0.18975931406021118,
            "count": 7
        },
        "PushAgent2D.IsTraining.mean": {
            "value": 1.0,
            "min": 1.0,
            "max": 1.0,
            "count": 7
        },
        "PushAgent2D.IsTraining.sum": {
            "value": 1.0,
            "min": 1.0,
            "max": 1.0,
            "count": 7
        },
        "AgentController2D.Losses.PolicyLoss.mean": {
            "value": 0.07085948777385057,
            "min": 0.07085948777385057,
            "max": 0.07085948777385057,
            "count": 1
        },
        "AgentController2D.Losses.PolicyLoss.sum": {
            "value": 0.07085948777385057,
            "min": 0.07085948777385057,
            "max": 0.07085948777385057,
            "count": 1
        },
        "AgentController2D.Losses.ValueLoss.mean": {
            "value": 0.1520190117880702,
            "min": 0.1520190117880702,
            "max": 0.1520190117880702,
            "count": 1
        },
        "AgentController2D.Losses.ValueLoss.sum": {
            "value": 0.1520190117880702,
            "min": 0.1520190117880702,
            "max": 0.1520190117880702,
            "count": 1
        },
        "AgentController2D.Policy.LearningRate.mean": {
            "value": 0.0004948370010326,
            "min": 0.0004948370010326,
            "max": 0.0004948370010326,
            "count": 1
        },
        "AgentController2D.Policy.LearningRate.sum": {
            "value": 0.0004948370010326,