{
    "name": "root",
    "gauges": {
        "PushAgent2D.Policy.Entropy.mean": {
            "value": 1.2837010622024536,
            "min": 1.2837010622024536,
            "max": 1.421676516532898,
            "count": 266
        },
        "PushAgent2D.Policy.Entropy.sum": {
            "value": 1314.5098876953125,
            "min": 1150.1961669921875,
            "max": 1455.7967529296875,
            "count": 266
        },
        "PushAgent2D.Step.mean": {
            "value": 265984.0,
            "min": 960.0,
            "max": 265984.0,
            "count": 266
        },
        "PushAgent2D.Step.sum": {
            "value": 265984.0,
            "min": 960.0,
            "max": 265984.0,
            "count": 266
        },
        "PushAgent2D.Policy.ExtrinsicValueEstimate.mean": {
            "value": -48.783416748046875,
            "min": -50.38496780395508,
            "max": 0.031975746154785156,
            "count": 266
        },
        "PushAgent2D.Policy.ExtrinsicValueEstimate.sum": {
            "value": -780.53466796875,
            "min": -805.5719604492188,
            "max": 0.5116119384765625,
            "count": 266
        },
        "PushAgent2D.IsTraining.mean": {
            "value": 1.0,
            "min": 1.0,
            "max": 1.0,
            "count": 266
        },
        "PushAgent2D.IsTraining.sum": {
            "value": 1.0,
            "min": 1.0,
            "max": 1.0,
            "count": 266
        },
        "EnemyShooter.Policy.Entropy.mean": {
            "value": 1.47080659866333,
            "min": 1.4189382791519165,
            "max": 1.47080659866333,
            "count": 133
        },
        "EnemyShooter.Policy.Entropy.sum": {
            "value": 1506.10595703125,
            "min": 1362.1807861328125,
            "max": 1506.10595703125,
            "count": 133
        },
        "EnemyShooter.Step.mean": {
            "value": 132984.0,
            "min": 960.0,
            "max": 132984.0,
            "count": 133
        },
        "EnemyShooter.Step.sum": {
            "value": 132984.0,
            "min": 960.0,
            "max": 132984.0,
            "count": 133
        },
        "EnemyShooter.Policy.ExtrinsicValueEstimate.mean": {
            "value": 0.426511287689209,
            "min": -0.9063388109207153,
            "max": 0.4422571361064911,
            "count": 133
        },
        "EnemyShooter.Policy.ExtrinsicValueEstimate.sum": {
            "value": 6.824180603027344,
            "min": -14.501420974731445,
            "max": 7.011151313781738,
            "count": 133
        },
        "EnemyShooter.Policy.CuriosityValueEstimate.mean": {
            "value": 2.4615731239318848,
            "min": -1.7329626083374023,
            "max": 4.088296890258789,
            "count": 133
        },
        "EnemyShooter.Policy.CuriosityValueEstimate.sum": {
            "value": 39.385169982910156,
            "min": -27.727401733398438,
            "max": 65.41275024414062,
            "count": 133
        },
        "EnemyShooter.IsTraining.mean": {
            "value": 1.0,
            "min": 1.0,
            "max": 1.0,
            "count": 133
        },
        "EnemyShooter.IsTraining.sum": {
            "value": 1.0,
            "min": 1.0,
            "max": 1.0,
            "count": 133
        },
        "EnemyShooter.Environment.EpisodeLength.mean": {
            "value": 1591.0,
            "min": 1591.0,
            "max": 1591.0,
            "count": 1
        },
        "EnemyShooter.Environment.EpisodeLength.sum": {
            "value": 1591.0,
            "min": 1591.0,
            "max": 1591.0,
            "count": 1
        },
        "EnemyShooter.Environment.CumulativeReward.mean": {
            "value": -1.9000001028180122,
            "min": -1.9000001028180122,
            "max": -1.9000001028180122,
            "count": 1
        },
        "EnemyShooter.Environment.CumulativeReward.sum": {
            "value": -1.9000001028180122,
            "min": -1.9000001028180122,
            "max": -1.9000001028180122,
            "count": 1
        },
        "EnemyShooter.Policy.ExtrinsicReward.mean": {
            "value": -1.9000001028180122,
            "min": -1.9000001028180122,
            "max": -1.9000001028180122,
            "count": 1
        },
        "EnemyShooter.Policy.ExtrinsicReward.sum": {
            "value": -1.9000001028180122,
            "min": -1.9000001028180122,
            "max": -1.9000001028180122,
            "count": 1
        },
        "EnemyShooter.Policy.CuriosityReward.mean": {
            "value": 0.0,
            "min": 0.0,
            "max": 0.0,
            "count": 1
        },
        "EnemyShooter.Policy.CuriosityReward.sum": {
            "value": 0.0,
            "min": 0.0,
            "max": 0.0,
            "count": 1
        },
        "PushAgent2D.Losses.PolicyLoss.mean": {
            "value": 0.05471193885508304,
            "min": 0.04779036654120621,
            "max": 0.05471193885508304,
            "count": 12
        },
        "PushAgent2D.Losses.PolicyLoss.sum": {
            "value": 0.05471193885508304,
            "min": 0.04779036654120621,
            "max": 0.05471193885508304,
            "count": 12
        },
        "PushAgent2D.Losses.ValueLoss.mean": {
            "value": 3.6217886144916216,
            "min": 0.47457629864414536,
            "max": 26.91707944472631,
            "count": 12
        },
        "PushAgent2D.Losses.ValueLoss.sum": {
            "value": 3.6217886144916216,
            "min": 0.47457629864414536,
            "max": 26.91707944472631,
            "count": 12
        },
        "PushAgent2D.Policy.LearningRate.mean": {
            "value": 0.00022581122472960008,
            "min": 0.00022581122472960008,
            "max": 0.00029381760206079996,
            "count": 12
        },
        "PushAgent2D.Policy.LearningRate.sum": {
            "value": 0.00022581122472960008,
            "min": 0.00022581122472960008,
            "max": 0.00029381760206079996,
            "count": 12
        },
        "PushAgent2D.Policy.Epsilon.mean": {
            "value": 0.17527040000000002,
            "min": 0.17527040000000002,
            "max": 0.1979392,
            "count": 12
        },
        "PushAgent2D.Policy.Epsilon.sum": {
            "value": 0.17527040000000002,
            "min": 0.17527040000000002,
            "max": 0.1979392,
            "count": 12
        },
        "PushAgent2D.Policy.Beta.mean": {
            "value": 0.0003788249600000001,
            "min": 0.0003788249600000001,
            "max": 0.00048990208,
            "count": 12
        },
        "PushAgent2D.Policy.Beta.sum": {
            "value": 0.0003788249600000001,
            "min": 0.0003788249600000001,
            "max": 0.00048990208,
            "count": 12
        },
        "EnemyShooter.Losses.PolicyLoss.mean": {
            "value": 0.047628926162724385,
            "min": 0.047628926162724385,
            "max": 0.05241769109367548,
            "count": 3
        },
        "EnemyShooter.Losses.PolicyLoss.sum": {
            "value": 0.047628926162724385,
            "min": 0.047628926162724385,
            "max": 0.05241769109367548,
            "count": 3
        },
        "EnemyShooter.Losses.ValueLoss.mean": {
            "value": 0.045677299285307525,
            "min": 0.007890404158752062,
            "max": 1.1170990526676179,
            "count": 3
        },
        "EnemyShooter.Losses.ValueLoss.sum": {
            "value": 0.045677299285307525,
            "min": 0.007890404158752062,
            "max": 1.1170990526676179,
            "count": 3
        },
        "EnemyShooter.Policy.LearningRate.mean": {
            "value": 0.00021923401230639994,
            "min": 0.00021923401230639994,
            "max": 0.00023974600410160005,
            "count": 3
        },