{
    "name": "root",
    "gauges": {
        "PushAgent2D.Policy.Entropy.mean": {
            "value": 1.4189382791519165,
            "min": 1.4189382791519165,
            "max": 1.4189382791519165,
            "count": 2
        },
        "PushAgent2D.Policy.Entropy.sum": {
            "value": 1452.9927978515625,
            "min": 1452.9927978515625,
            "max": 1452.9927978515625,
            "count": 2
        },
        "PushAgent2D.Step.mean": {
            "value": 1984.0,
            "min": 960.0,
            "max": 1984.0,
            "count": 2
        },
        "PushAgent2D.Step.sum": {
            "value": 1984.0,
            "min": 960.0,
            "max": 1984.0,
            "count": 2
        },
        "PushAgent2D.Policy.ExtrinsicValueEstimate.mean": {
            "value": -0.07194288074970245,
            "min": -0.0826563760638237,
            "max": -0.07194288074970245,
            "count": 2
        },
        "PushAgent2D.Policy.ExtrinsicValueEstimate.sum": {
            "value": -1.1510860919952393,
            "min": -1.239845633506775,
            "max": -1.1510860919952393,
            "count": 2
        },
        "PushAgent2D.IsTraining.mean": {
            "value": 1.0,
            "min": 1.0,
            "max": 1.0,
            "count": 2
        },
        "PushAgent2D.IsTraining.sum": {
            "value": 1.0,
            "min": 1.0,
            "max": 1.0,
            "count": 2
        },
        "EnemyShooter.Policy.Entropy.mean": {
            "value": 1.4189382791519165,
            "min": 1.4189382791519165,
            "max": 1.4189382791519165,
            "count": 1
        },
        "EnemyShooter.Policy.Entropy.sum": {
            "value": 1474.27685546875,
            "min": 1474.27685546875,
            "max": 1474.27685546875,
            "count": 1
        },
        "EnemyShooter.Step.mean": {
            "value": 975.0,
            "min": 975.0,
            "max": 975.0,
            "count": 1
        },
        "EnemyShooter.Step.sum": {
            "value": 975.0,
            "min": 975.0,
            "max": 975.0,
            "count": 1
        },
        "EnemyShooter.Policy.ExtrinsicValueEstimate.mean": {
            "value": -0.009665096178650856,
            "min": -0.009665096178650856,
            "max": -0.009665096178650856,
            "count": 1
        },
        "EnemyShooter.Policy.ExtrinsicValueEstimate.sum": {
            "value": -0.1546415388584137,
            "min": -0.1546415388584137,
            "max": -0.1546415388584137,
            "count": 1
        },
        "EnemyShooter.Policy.CuriosityValueEstimate.mean": {
            "value": 0.04942476749420166,
            "min": 0.04942476749420166,
            "max": 0.04942476749420166,
            "count": 1
        },
        "EnemyShooter.Policy.CuriosityValueEstimate.sum": {
            "value": 0.7907962799072266,
            "min": 0.7907962799072266,
            "max": 0.7907962799072266,
            "count": 1
        },
        "EnemyShooter.Environment.EpisodeLength.mean": {
            "value": 294.5,
            "min": 294.5,
            "max": 294.5,
            "count": 1
        },
        "EnemyShooter.Environment.EpisodeLength.sum": {
            "value": 589.0,
            "min": 589.0,
            "max": 589.0,
            "count": 1
        },
        "EnemyShooter.Environment.CumulativeReward.mean": {
            "value": 1.4500000439584255,
            "min": 1.4500000439584255,
            "max": 1.4500000439584255,
            "count": 1
        },
        "EnemyShooter.Environment.CumulativeReward.sum": {
            "value": 2.900000087916851,
            "min": 2.900000087916851,
            "max": 2.900000087916851,
            "count": 1
        },
        "EnemyShooter.Policy.ExtrinsicReward.mean": {
            "value": 1.4500000439584255,
            "min": 1.4500000439584255,
            "max": 1.4500000439584255,
            "count": 1
        },
        "EnemyShooter.Policy.ExtrinsicReward.sum": {
            "value": 2.900000087916851,
            "min": 2.900000087916851,
            "max": 2.900000087916851,
            "count": 1
        },
        "EnemyShooter.Policy.CuriosityReward.mean": {
            "value": 0.0,
            "min": 0.0,
            "max": 0.0,
            "count": 1
        },
        "EnemyShooter.Policy.CuriosityReward.sum": {
            "value": 0.0,
            "min": 0.0,
            "max": 0.0,
            "count": 1
        },
        "EnemyShooter.IsTraining.mean": {
            "value": 1.0,
            "min": 1.0,
            "max": 1.0,
            "count": 1
        },
        "EnemyShooter.IsTraining.sum": {
            "value": 1.0,
            "min": 1.0,
            "max": 1.0,
            "count": 1
        }
    },
    "metadata": {
        "timer_format_version": "0.1.0",
        "start_time_seconds": "1745433365",
        "python_version": "3.9.13 (tags/v3.9.13:6de2ca5, May 17 2022, 16:36:42) [MSC v.1929 64 bit (AMD64)]",
        "command_line_arguments": "\\\\?\\C:\\Users\\MSII\\AppData\\Local\\Programs\\Python\\Python39\\Scripts\\mlagents-learn agents_config.yaml --run-id=shooter2 --train",
        "mlagents_version": "0.30.0",
        "mlagents_envs_version": "0.30.0",
        "communication_protocol_version": "1.5.0",
        "pytorch_version": "2.6.0+cu118",
        "numpy_version": "1.21.2",
        "end_time_seconds": "1745433438"
    },
    "total": 73.19836760000001,
    "count": 1,
    "self": 0.009463900000014291,
    "children": {
        "run_training.setup": {
            "total": 0.07402469999999983,
            "count": 1,
            "self": 0.07402469999999983
        },
        "TrainerController.start_learning": {
            "total": 73.114879,
            "count": 1,
            "self": 0.0294125000002623,
            "children": {
                "TrainerController._reset_env": {
                    "total": 10.9945336,
                    "count": 1,
                    "self": 10.9945336
                },
                "TrainerController.advance": {
                    "total": 61.91845469999974,
                    "count": 1219,
                    "self": 0.029288999999877774,
                    "children": {
                        "env_step": {
                            "total": 61.42845749999977,
                            "count": 1219,
                            "self": 55.723852299999706,
                            "children": {
                                "SubprocessEnvManager._take_step": {
                                    "total": 5.687681099999979,
                                    "count": 1219,
                                    "self": 0.17961650000000695,
                                    "children": {
                                        "TorchPolicy.evaluate": {
                                            "total": 5.508064599999972,
                                            "count": 2434,
                                            "self": 5.508064599999972
                                        }
                                    }
                                },
                                "workers": {
                                    "total": 0.016924100000091258,
                                    "count": 1218,
                                    "self": 0.0,
                                    "children": {
                                        "worker_root": {
                                            "total": 62.4983887999999,
                                            "count": 1218,
                                            "is_parallel": true,
                                            "self": 9.067016099999975,
                                            "children": {
                                                "steps_from_proto": {
                                                    "total": 0.00037289999999856605,